{
  "name": "将用户列表转excel",
  "sheets": [
    {
      "sheet_index": 0,
      "title_height": 48,
      "desc": "16*行数",
      "title_style": {
        "font": {
          "family": "宋体",
          "size": 12,
          "color": "#ffffff"
        },
        "fill": {
          "type": "pattern",
          "color": [
            "#3366FF"
          ],
          "pattern": 1
        },
        "alignment": {
          "vertical": "center",
          "WrapText": true
        }
      },
      "name_style": {
        "font": {
          "family": "Arial",
          "size": 10,
          "color": "#ffffff"
        },
        "fill": {
          "type": "pattern",
          "color": [
            "#0066CC"
          ],
          "pattern": 1
        },
        "alignment": {
          "vertical": "center"
        }
      },
      "content_style": {
        "NumFmt": 49
      },
      "title": "用户列表\r\n1.学号/工号 是作为系统的唯一标志，请不要修改\r\n2.级别有excellent（优秀），good（良好），passed（合格）",
      "data": "[user_list]",
      "fields": [
        {
          "field": "[username]",
          "name": "学号/工号",
          "width": 10
        },
        {
          "field": "[nick]",
          "name": "*昵称",
          "width": 20
        },
        {
          "field": "[height]",
          "name": "身高/cm",
          "width": 20
        },
        {
          "field": "[weight]",
          "name": "体重/kg",
          "width": 20
        },
        {
          "field": "[phone]",
          "name": "电话号码",
          "width": 20
        },
        {
          "field": "[sport_level]",
          "name": "级别",
          "width": 20
        },
        {
          "field": "[wechat_id]",
          "name": "微信ID",
          "width": 20
        },
        {
          "field": "[create_time]",
          "name": "创建日期",
          "width": 20
        }
      ]
    }
  ]
}