{
  "tag": "layout-fit",
  "className": "overflow-auto",
  "storeName": "dashboard",
  "initStore": {
    "group_list": [],
    "course_grade": null,
    "zhijian_group_grade": null,
    "jianxiu_group_grade": null,
    "weixiu_group_grade": null,
    "qiangxiu_group_grade": null,
    "course_id": "",
    "course_stage": "init",
    "stage_index": 0,
    "stage_list": [
      {
        "stage": "init",
        "name": "初始",
        "sport": "动作轨迹"
      },
      {
        "stage": "before",
        "name": "课前",
        "sport": "动作准确度"

      },
      {
        "stage": "in",
        "name": "课中",
        "sport": "动作准确度"
      },
      {
        "stage": "after",
        "name": "课后",
        "sport": "动作准确度"
      }
    ]
  },
  "initAction": [
    {
      "tag": "url-param",
      "description": "从url取参数",
      "adapt": {
        "course_id": "${course_id}",
        "course_stage": "${course_stage}"
      }
    },
    {
      "tag": "update-store",
      "value": {
        "stage_index": "${stage_list.findIndex((v)=>v.stage==course_stage)}"
      }
    },

    {
      "tag": "ajax",
      "group": "reload-data",
      "api": "post:/template_data/data?service=chart.course_grade",
      "data": {
        "showLastCourse": "${course_id?false:true}",
        "course_id": "${course_id}",
        "course_stage": "${course_stage}",
        "dashboard_type": "analyst"
      },
      "adapt": {
        "course_grade": "${data.course_grade}",
        "zhijian_group_grade": "${data.zhijian_group_grade}",
        "group_list": "${data.group_list}",
        "jianxiu_group_grade": "${data.jianxiu_group_grade}",
        "weixiu_group_grade": "${data.weixiu_group_grade}",
        "qiangxiu_group_grade": "${data.qiangxiu_group_grade}"
      }
    }
  ],
  "windowKeyUpEvent": [
    {
      "key": "ArrowDown",
      "action": [
        {
          "tag": "update-store",
          "value": {
            "stage_index": "${stage_index>=0 && stage_index < stage_list.length-1?stage_index+1:stage_index}"
          }
        },
        {
          "tag": "update-store",
          "value": {
            "course_stage": "${stage_list[stage_index].stage}"
          }
        },
        {
          "tag": "reload-init-action",
          "group": "reload-data"
        }
      ]
    },
    {
      "key": "ArrowUp",
      "action": [
        {
          "tag": "update-store",
          "value": {
            "stage_index": "${stage_index>0 && stage_index <= stage_list.length-1?stage_index-1:stage_index}"
          }
        },
        {
          "tag": "update-store",
          "value": {
            "course_stage": "${stage_list[stage_index].stage}"
          }
        },
        {
          "tag": "reload-init-action",
          "group": "reload-data"
        }
      ]
    }
  ],
  "style": {
    "backgroundImage": "url(/data/img/page_bg.png)",
    "fontFamily": "'Microsoft YaHei' !important",
    "margin": "0px 0px",
    "padding": "0px, 0px",
    "color": "#20DFE2",
    "overflowX": "hidden",
    "backgroundRepeat": "no-repeat",
    "backgroundSize": "100% 100%",
    "display": "flex",
    "flexDirection": "column"
  },
  "children": [
    {
      "tag": "div",
      "style": {
        "backgroundImage": "url(/data/img/top_bg1.png)",
        "backgroundPosition": "center bottom",
        "backgroundRepeat": "no-repeat",
        "backgroundSize": "auto 100%",
        "height": "60px",
        "textAlign": "center",
        "lineHeight": "60px"
      },
      "children": [
        {
          "tag": "span",
          "style": {
            "fontSize": "2.5rem",
            "letterSpacing": "0.2rem",
            "fontWeight": "bold",
            "fontFamily": "Microsoft YaHei",
            "backgroundImage": "-webkit-gradient(linear, 0 0, 0 bottom, from(rgba(46, 233, 216, 1)), to(rgba(47, 129, 237, 1)))",
            "WebkitBackgroundClip": "text",
            "WebkitTextFillColor": "transparent"
          },
          "children": [
            "${stage_list[stage_index].name}","智慧数据平台","数据分析"
          ]
        }
      ]
    },
    {
      "tag": "row",
      "className": "flex1",
      "children": [
        {
          "tag": "col",
          "span": 10,
          "style": {
            "padding": "10px"
          },
          "children": [
            {
              "style": {
                "height": "100%",
                "backgroundImage": "url(/data/img/1_imgbg4.png)",
                "backgroundPosition": "center, center",
                "backgroundRepeat": "no-repeat",
                "backgroundSize": "100% 100%",
                "padding": "10px",
                "boxSizing": "border-box",
                "display": "flex",
                "flexDirection": "column"
              },
              "tag": "div",
              "children": [
                {
                  "tag": "div",
                  "style": {
                    "letterSpacing": "0.2rem",
                    "fontWeight": "bold",
                    "fontSize": "18px",
                    "fontFamily": "Microsoft YaHei",
                    "textAlign": "center",
                    "lineHeight": "50px"
                  },
                  "children": "小组评价"
                },
                {
                  "tag": "row",
                  "style": {
                    "flex": "1",
                    "padding": "1%"
                  },
                  "children": [
                    {
                      "tag": "col",
                      "span": 12,
                      "children": [
                        {
                          "tag": "div",
                          "style": {
                            "height": "calc(45vh - 100px)",
                            "margin": "6px 10px",
                            "backgroundImage": "url(/data/img/bg2.png)",
                            "backgroundPosition": "center center",
                            "backgroundRepeat": "no-repeat",
                            "backgroundSize": "100% 100%",
                            "padding": "10px 30px",
                            "boxSizing": "border-box",
                            "display": "flex",
                            "flexDirection": "column"
                          },
                          "children": [
                            {
                              "tag": "div",
                              "style": {
                                "letterSpacing": "0.2rem",
                                "fontSize": "20px",
                                "fontWeight": "bold",
                                "lineHeight": "40px",
                                "marginBottom": "10px"
                              },
                              "children": "质检组"
                            },
                            {
                              "tag": "chart",
                              "visible": "${zhijian_group_grade}",
                              "option": "${zhijian_group_grade}"
                            }
                          ]
                        }
                      ]
                    },
                    {
                      "tag": "col",
                      "span": 12,
                      "children": [
                        {
                          "tag": "div",
                          "style": {
                            "height": "calc(45vh - 100px)",
                            "margin": "6px 10px",
                            "backgroundImage": "url(/data/img/bg2.png)",
                            "backgroundPosition": "center center",
                            "backgroundRepeat": "no-repeat",
                            "backgroundSize": "100% 100%",
                            "padding": "10px 30px",
                            "boxSizing": "border-box",
                            "display": "flex",
                            "flexDirection": "column"
                          },
                          "children": [
                            {
                              "tag": "div",
                              "style": {
                                "letterSpacing": "0.2rem",
                                "fontSize": "20px",
                                "fontWeight": "bold",
                                "lineHeight": "40px",
                                "marginBottom": "10px"
                              },
                              "children": "检修组"
                            },
                            {
                              "tag": "chart",
                              "visible": "${jianxiu_group_grade}",
                              "option": "${jianxiu_group_grade}"
                            }
                          ]
                        }
                      ]
                    },
                    {
                      "tag": "col",
                      "span": 12,
                      "children": [
                        {
                          "tag": "div",
                          "style": {
                            "height": "calc(45vh - 100px)",
                            "margin": "6px 10px",
                            "backgroundImage": "url(/data/img/bg2.png)",
                            "backgroundPosition": "center center",
                            "backgroundRepeat": "no-repeat",
                            "backgroundSize": "100% 100%",
                            "padding": "10px 30px",
                            "boxSizing": "border-box",
                            "display": "flex",
                            "flexDirection": "column"
                          },
                          "children": [
                            {
                              "tag": "div",
                              "style": {
                                "letterSpacing": "0.2rem",
                                "fontSize": "20px",
                                "fontWeight": "bold",
                                "lineHeight": "40px",
                                "marginBottom": "10px"
                              },
                              "children": "维修组"
                            },
                            {
                              "tag": "chart",
                              "visible": "${weixiu_group_grade}",
                              "option": "${weixiu_group_grade}"
                            }
                          ]
                        }
                      ]
                    },
                    {
                      "tag": "col",
                      "span": 12,
                      "children": [
                        {
                          "tag": "div",
                          "style": {
                            "height": "calc(45vh - 100px)",
                            "margin": "6px 10px",
                            "backgroundImage": "url(/data/img/bg2.png)",
                            "backgroundPosition": "center center",
                            "backgroundRepeat": "no-repeat",
                            "backgroundSize": "100% 100%",
                            "padding": "10px 30px",
                            "boxSizing": "border-box",
                            "display": "flex",
                            "flexDirection": "column"
                          },
                          "children": [
                            {
                              "tag": "div",
                              "style": {
                                "letterSpacing": "0.2rem",
                                "fontSize": "20px",
                                "fontWeight": "bold",
                                "lineHeight": "40px",
                                "marginBottom": "10px"
                              },
                              "children": "抢修组"
                            },
                            {
                              "tag": "chart",
                              "visible": "${qiangxiu_group_grade}",
                              "option": "${qiangxiu_group_grade}"
                            }
                          ]
                        }
                      ]
                    }
                  ]
                }
              ]
            }
          ]
        },
        {
          "tag": "col",
          "span": 14,
          "style": {
            "padding": "10px 10px 10px 0px"
          },
          "children": [
            {
              "style": {
                "height": "50%",
                "backgroundImage": "url(/data/img/1_imgbg2.png)",
                "backgroundPosition": "center, center",
                "backgroundRepeat": "no-repeat",
                "backgroundSize": "100% 100%",
                "padding": "10px",
                "boxSizing": "border-box"
              },
              "tag": "div",
              "children": [
                {
                  "tag": "div",
                  "style": {
                    "letterSpacing": "0.2rem",
                    "fontSize": "20px",
                    "fontWeight": "bold",
                    "lineHeight": "40px",
                    "marginBottom": "10px",
                    "textAlign": "center"
                  },
                  "children": "${stage_list[stage_index].sport+'评分'}"
                },
                {
                  "tag": "chart",
                  "style": {
                    "height": "90%"
                  },
                  "visible": "${course_grade}",
                  "option": "${course_grade}"
                }
              ]
            },
            {
              "style": {
                "height": "calc(-10px + 50%)",
                "marginTop": "10px",
                "backgroundImage": "url(/data/img/1_imgbg2.png)",
                "backgroundPosition": "center, center",
                "backgroundRepeat": "no-repeat",
                "backgroundSize": "100% 100%",
                "padding": "10px",
                "boxSizing": "border-box",
                "display": "flex",
                "flexDirection": "column"
              },
              "tag": "div",
              "children": [
                {
                  "tag": "div",
                  "style": {
                    "letterSpacing": "0.2rem",
                    "fontSize": "20px",
                    "fontWeight": "bold",
                    "lineHeight": "40px",
                    "marginBottom": "10px",
                    "textAlign": "center"
                  },
                  "children": "总体情况"
                },
                {
                  "tag": "table",
                  "theme": "dark",
                  "style": {
                    "flex": 1
                  },
                  "columnDefs": [
                    {
                      "headerName": "#",
                      "width": 60,
                      "valueGetter": "node.rowIndex + 1",
                      "sortable": false
                    },
                    {
                      "headerName": "小组",
                      "field": "group_name"
                    },
                    {
                      "headerName": "60分以下",
                      "field": "not_passed_num"
                    },
                    {
                      "headerName": "60分以上",
                      "field": "passed_num"
                    },
                    {
                      "headerName": "得分",
                      "field": "total_score"
                    }
                  ],
                  "rowData": "${group_list}"
                }
              ]
            }
          ]
        }
      ]
    }
  ]
}