{
  "records": [
    {
      "userId": 1029434,
      "userName": "0000",
      "peopleClass": "5",
      "peopleClassStr": "虚拟用户",
      "peopleIdentifier": "10000",
      "peopleName": "系统管理员",
      "workDept": null,
      "workDeptName": null,
      "medicalTreatmentDept": null,
      "medicalTreatmentDeptName": null,
      "workPost": null,
      "workPostStr": null,
      "clinicalPosition": null,
      "clinicalPositionStr": null,
      "workProfessional": null,
      "workProfessionalStr": null,
      "mobile": null,
      "officePhone": null,
      "email": null,
      "status": "A",
      "statusStr": "激活",
      "expires": "2032-06-30",
      "deleteTime": null,
      "creator": "zj001",
      "createTime": "2023-06-08 15:37:18",
      "modifier": "ROOT",
      "modifyTime": "2024-01-31 14:25:55",
      "pyCode": "XTGLY",
      "wbCode": "TXTGK",
      "duty": null,
      "dutyStr": null,
      "idNo": null,
      "superLeader": null,
      "superLeaderStr": null,
      "employed": "1",
      "employedStr": "在职",
      "lockStatus": "0",
      "sexCode": "1",
      "sexCodeStr": "男",
      "birthDate": "2023-06-08",
      "drugInsuranceCode": null,
      "drugInsuranceName": null,
      "medInstId": 1,
      "adminFlag": "1",
      "practiceEliglbility": null,
      "practiceEliglbilityStr": null,
      "eliglbilityCcieCode": null,
      "practiceCcieCode": null,
      "practiceSort": null,
      "practiceSortStr": null,
      "practiceScope": null,
      "practiceScopeStr": null,
      "isRegularTraining": "0",
      "isRegularTrainingStr": "否",
      "assignedPatientsCount": null,
      "physicalAreaCode": null,
      "physicalAreaName": null,
      "isTempCloseCa": null,
      "isIntern": "0",
      "isInternStr": "否",
      "administrationPosition": "1",
      "administrationPositionStr": "主任",
      "rotateDept": null,
      "rotateDeptStr": null
    },
    {
      "userId": 1022410,
      "userName": "0001",
      "peopleClass": "5",
      "peopleClassStr": "虚拟用户",
      "peopleIdentifier": "0001",
      "peopleName": "SYSTEM",
      "workDept": "40070101",
      "workDeptName": "计算机中心（和平路）",
      "medicalTreatmentDept": "40070101",
      "medicalTreatmentDeptName": "计算机中心（和平路）",
      "workPost": "2",
      "workPostStr": "医师",
      "clinicalPosition": null,
      "clinicalPositionStr": null,
      "workProfessional": "1233",
      "workProfessionalStr": "医师",
      "mobile": null,
      "officePhone": null,
      "email": null,
      "status": "A",
      "statusStr": "激活",
      "expires": "2035-11-30",
      "deleteTime": null,
      "creator": "A1996",
      "createTime": "2022-11-25 21:42:28",
      "modifier": "hujun",
      "modifyTime": "2024-01-05 13:46:57",
      "pyCode": "SYSTEM",
      "wbCode": "SYSTEM",
      "duty": "234",
      "dutyStr": "医师",
      "idNo": null,
      "superLeader": null,
      "superLeaderStr": null,
      "employed": "1",
      "employedStr": "在职",
      "lockStatus": "0",
      "sexCode": "0",
      "sexCodeStr": "未知的性别",
      "birthDate": "1979-12-31",
      "drugInsuranceCode": null,
      "drugInsuranceName": null,
      "medInstId": 1,
      "adminFlag": "0",
      "practiceEliglbility": "1",
      "practiceEliglbilityStr": "执业医师",
      "eliglbilityCcieCode": "1",
      "practiceCcieCode": "2",
      "practiceSort": "5",
      "practiceSortStr": "中西医结合",
      "practiceScope": "1",
      "practiceScopeStr": "儿科专业",
      "isRegularTraining": "0",
      "isRegularTrainingStr": "否",
      "assignedPatientsCount": null,
      "physicalAreaCode": null,
      "physicalAreaName": null,
      "isTempCloseCa": null,
      "isIntern": "0",
      "isInternStr": "否",
      "administrationPosition": null,
      "administrationPositionStr": null,
      "rotateDept": null,
      "rotateDeptStr": null
    },
    {
      "userId": 1028284,
      "userName": "0002",
      "peopleClass": "1",
      "peopleClassStr": "医院职工",
      "peopleIdentifier": "0002",
      "peopleName": "维护2",
      "workDept": "40070101",
      "workDeptName": "计算机中心（和平路）",
      "medicalTreatmentDept": "40070101",
      "medicalTreatmentDeptName": "计算机中心（和平路）",
      "workPost": null,
      "workPostStr": null,
      "clinicalPosition": null,
      "clinicalPositionStr": null,
      "workProfessional": null,
      "workProfessionalStr": null,
      "mobile": "12355550000",
      "officePhone": "12355550000",
      "email": null,
      "status": "A",
      "statusStr": "激活",
      "expires": "2029-12-31",
      "deleteTime": null,
      "creator": "ERROR0524",
      "createTime": "2023-05-24 17:52:55",
      "modifier": "hujun",
      "modifyTime": "2023-11-24 10:18:35",
      "pyCode": "WH2",
      "wbCode": "XR2",
      "duty": null,
      "dutyStr": null,
      "idNo": "37100219750927053X",
      "superLeader": null,
      "superLeaderStr": null,
      "employed": "1",
      "employedStr": "在职",
      "lockStatus": "0",
      "sexCode": "2",
      "sexCodeStr": "女",
      "birthDate": "1970-01-01",
      "drugInsuranceCode": null,
      "drugInsuranceName": null,
      "medInstId": 1,
      "adminFlag": "1",
      "practiceEliglbility": null,
      "practiceEliglbilityStr": null,
      "eliglbilityCcieCode": null,
      "practiceCcieCode": null,
      "practiceSort": null,
      "practiceSortStr": null,
      "practiceScope": null,
      "practiceScopeStr": null,
      "isRegularTraining": "0",
      "isRegularTrainingStr": "否",
      "assignedPatientsCount": null,
      "physicalAreaCode": null,
      "physicalAreaName": null,
      "isTempCloseCa": null,
      "isIntern": "1",
      "isInternStr": "是",
      "administrationPosition": null,
      "administrationPositionStr": null,
      "rotateDept": null,
      "rotateDeptStr": null
    },
    {
      "userId": 1854,
      "userName": "0003",
      "peopleClass": "1",
      "peopleClassStr": "医院职工",
      "peopleIdentifier": "0003",
      "peopleName": "王琳",
      "workDept": "40140101",
      "workDeptName": "离退休",
      "medicalTreatmentDept": "40140101",
      "medicalTreatmentDeptName": "离退休",
      "workPost": "2",
      "workPostStr": "医师",
      "clinicalPosition": null,
      "clinicalPositionStr": null,
      "workProfessional": "305",
      "workProfessionalStr": "主任医师",
      "mobile": null,
      "officePhone": null,
      "email": null,
      "status": "D",
      "statusStr": "作废",
      "expires": "2029-12-31",
      "deleteTime": null,
      "creator": "system",
      "createTime": "2022-07-07 21:32:32",
      "modifier": "ROOT",
      "modifyTime": "2024-01-18 10:58:36",
      "pyCode": "WL",
      "wbCode": "GG",
      "duty": null,
      "dutyStr": null,
      "idNo": "370620195206250529",
      "superLeader": "0000",
      "superLeaderStr": "系统管理员",
      "employed": "1",
      "employedStr": "在职",
      "lockStatus": "0",
      "sexCode": "2",
      "sexCodeStr": "女",
      "birthDate": "1952-06-25",
      "drugInsuranceCode": null,
      "drugInsuranceName": null,
      "medInstId": 1,
      "adminFlag": "0",
      "practiceEliglbility": "1",
      "practiceEliglbilityStr": "执业医师",
      "eliglbilityCcieCode": "199837110370620195206250529",
      "practiceCcieCode": "110371000004671",
      "practiceSort": null,
      "practiceSortStr": null,
      "practiceScope": "8",
      "practiceScopeStr": "内科专业",
      "isRegularTraining": "0",
      "isRegularTrainingStr": "否",
      "assignedPatientsCount": null,
      "physicalAreaCode": null,
      "physicalAreaName": null,
      "isTempCloseCa": null,
      "isIntern": "0",
      "isInternStr": "否",
      "administrationPosition": null,
      "administrationPositionStr": null,
      "rotateDept": null,
      "rotateDeptStr": null
    },
    {
      "userId": 1855,
      "userName": "0005",
      "peopleClass": "1",
      "peopleClassStr": "医院职工",
      "peopleIdentifier": "0005",
      "peopleName": "王国礼",
      "workDept": "20210101",
      "workDeptName": "中心实验室（和平路）",
      "medicalTreatmentDept": "20210101",
      "medicalTreatmentDeptName": "中心实验室（和平路）",
      "workPost": "6",
      "workPostStr": "其他",
      "clinicalPosition": null,
      "clinicalPositionStr": null,
      "workProfessional": "501",
      "workProfessionalStr": "主任技师",
      "mobile": null,
      "officePhone": null,
      "email": null,
      "status": "A",
      "statusStr": "激活",
      "expires": "2029-12-31",
      "deleteTime": null,
      "creator": "system",
      "createTime": "2022-07-07 21:32:32",
      "modifier": null,
      "modifyTime": "2024-01-18 11:36:36",
      "pyCode": "WGL",
      "wbCode": "GLP",
      "duty": "261",
      "dutyStr": "主任技师",
      "idNo": "370632195304120037",
      "superLeader": "000",
      "superLeaderStr": null,
      "employed": "1",
      "employedStr": "在职",
      "lockStatus": "0",
      "sexCode": "1",
      "sexCodeStr": "男",
      "birthDate": "1953-04-12",
      "drugInsuranceCode": null,
      "drugInsuranceName": null,
      "medInstId": 1,
      "adminFlag": "0",
      "practiceEliglbility": null,
      "practiceEliglbilityStr": null,
      "eliglbilityCcieCode": null,
      "practiceCcieCode": null,
      "practiceSort": null,
      "practiceSortStr": null,
      "practiceScope": null,
      "practiceScopeStr": null,
      "isRegularTraining": "1",
      "isRegularTrainingStr": "是",
      "assignedPatientsCount": null,
      "physicalAreaCode": null,
      "physicalAreaName": null,
      "isTempCloseCa": null,
      "isIntern": "0",
      "isInternStr": "否",
      "administrationPosition": null,
      "administrationPositionStr": null,
      "rotateDept": null,
      "rotateDeptStr": null
    },
    {
      "userId": 1945,
      "userName": "0006",
      "peopleClass": "1",
      "peopleClassStr": "医院职工",
      "peopleIdentifier": "0006",
      "peopleName": "郭志勇",
      "workDept": "10320201",
      "workDeptName": "心外科病房（和平路）",
      "medicalTreatmentDept": "10320201",
      "medicalTreatmentDeptName": "心外科病房（和平路）",
      "workPost": "2",
      "workPostStr": "医师",
      "clinicalPosition": null,
      "clinicalPositionStr": null,
      "workProfessional": "305",
      "workProfessionalStr": "主任医师",
      "mobile": "18660377969",
      "officePhone": null,
      "email": null,
      "status": "A",
      "statusStr": "激活",
      "expires": "2099-12-01",
      "deleteTime": null,
      "creator": "system",
      "createTime": "2022-07-07 21:32:32",
      "modifier": "tb",
      "modifyTime": "2023-09-12 13:44:34",
      "pyCode": "GZY",
      "wbCode": "YFC",
      "duty": "231",
      "dutyStr": "主任医师",
      "idNo": "370104195809111512",
      "superLeader": null,
      "superLeaderStr": null,
      "employed": "1",
      "employedStr": "在职",
      "lockStatus": "0",
      "sexCode": "1",
      "sexCodeStr": "男",
      "birthDate": "1958-09-11",
      "drugInsuranceCode": "D371072008031",
      "drugInsuranceName": null,
      "medInstId": 1,
      "adminFlag": null,
      "practiceEliglbility": "1",
      "practiceEliglbilityStr": "执业医师",
      "eliglbilityCcieCode": "199837110370104580911151",
      "practiceCcieCode": "110371000004736",
      "practiceSort": null,
      "practiceSortStr": null,
      "practiceScope": "12",
      "practiceScopeStr": "外科专业",
      "isRegularTraining": "0",
      "isRegularTrainingStr": "否",
      "assignedPatientsCount": null,
      "physicalAreaCode": null,
      "physicalAreaName": null,
      "isTempCloseCa": null,
      "isIntern": "0",
      "isInternStr": "否",
      "administrationPosition": null,
      "administrationPositionStr": null,
      "rotateDept": null,
      "rotateDeptStr": null
    },
    {
      "userId": 779,
      "userName": "0007",
      "peopleClass": "1",
      "peopleClassStr": "医院职工",
      "peopleIdentifier": "0007",
      "peopleName": "程青",
      "workDept": "40070101",
      "workDeptName": "计算机中心（和平路）",
      "medicalTreatmentDept": "40070101",
      "medicalTreatmentDeptName": "计算机中心（和平路）",
      "workPost": "2",
      "workPostStr": "医师",
      "clinicalPosition": null,
      "clinicalPositionStr": null,
      "workProfessional": "307",
      "workProfessionalStr": "主治医师",
      "mobile": "15006311775",
      "officePhone": null,
      "email": null,
      "status": "A",
      "statusStr": "激活",
      "expires": "2029-12-31",
      "deleteTime": null,
      "creator": "system",
      "createTime": "2022-07-07 21:32:32",
      "modifier": "0007",
      "modifyTime": "2023-07-27 14:14:01",
      "pyCode": "CQ",
      "wbCode": "TG",
      "duty": "234",
      "dutyStr": "医师",
      "idNo": "370502198507142826",
      "superLeader": null,
      "superLeaderStr": null,
      "employed": "1",
      "employedStr": "在职",
      "lockStatus": "0",
      "sexCode": "2",
      "sexCodeStr": "女",
      "birthDate": "1985-07-14",
      "drugInsuranceCode": null,
      "drugInsuranceName": null,
      "medInstId": 1,
      "adminFlag": "1",
      "practiceEliglbility": null,
      "practiceEliglbilityStr": null,
      "eliglbilityCcieCode": null,
      "practiceCcieCode": null,
      "practiceSort": null,
      "practiceSortStr": null,
      "practiceScope": null,
      "practiceScopeStr": null,
      "isRegularTraining": "0",
      "isRegularTrainingStr": "否",
      "assignedPatientsCount": null,
      "physicalAreaCode": null,
      "physicalAreaName": null,
      "isTempCloseCa": null,
      "isIntern": "0",
      "isInternStr": "否",
      "administrationPosition": null,
      "administrationPositionStr": null,
      "rotateDept": null,
      "rotateDeptStr": null
    },
    {
      "userId": 1094,
      "userName": "0009",
      "peopleClass": "1",
      "peopleClassStr": "医院职工",
      "peopleIdentifier": "0009",
      "peopleName": "王晓波",
      "workDept": "40070101",
      "workDeptName": "计算机中心（和平路）",
      "medicalTreatmentDept": "40070101",
      "medicalTreatmentDeptName": "计算机中心（和平路）",
      "workPost": "6",
      "workPostStr": "其他",
      "clinicalPosition": null,
      "clinicalPositionStr": null,
      "workProfessional": "702",
      "workProfessionalStr": "工程师",
      "mobile": "18660377823",
      "officePhone": null,
      "email": null,
      "status": "A",
      "statusStr": "激活",
      "expires": "2029-12-31",
      "deleteTime": null,
      "creator": "system",
      "createTime": "2022-07-07 21:32:32",
      "modifier": null,
      "modifyTime": null,
      "pyCode": "WXB",
      "wbCode": "GJI",
      "duty": null,
      "dutyStr": null,
      "idNo": "371082198210112111",
      "superLeader": null,
      "superLeaderStr": null,
      "employed": "1",
      "employedStr": "在职",
      "lockStatus": "0",
      "sexCode": "1",
      "sexCodeStr": "男",
      "birthDate": "1982-10-11",
      "drugInsuranceCode": null,
      "drugInsuranceName": null,
      "medInstId": 1,
      "adminFlag": null,
      "practiceEliglbility": null,
      "practiceEliglbilityStr": null,
      "eliglbilityCcieCode": null,
      "practiceCcieCode": null,
      "practiceSort": null,
      "practiceSortStr": null,
      "practiceScope": null,
      "practiceScopeStr": null,
      "isRegularTraining": "0",
      "isRegularTrainingStr": "否",
      "assignedPatientsCount": null,
      "physicalAreaCode": null,
      "physicalAreaName": null,
      "isTempCloseCa": null,
      "isIntern": "0",
      "isInternStr": "否",
      "administrationPosition": null,
      "administrationPositionStr": null,
      "rotateDept": null,
      "rotateDeptStr": null
    },
    {
      "userId": 1022210,
      "userName": "0010",
      "peopleClass": "1",
      "peopleClassStr": "医院职工",
      "peopleIdentifier": "0010",
      "peopleName": "张惠然",
      "workDept": "10510101",
      "workDeptName": "慢病门诊（和平路）",
      "medicalTreatmentDept": "10510101",
      "medicalTreatmentDeptName": "慢病门诊（和平路）",
      "workPost": "2",
      "workPostStr": "医师",
      "clinicalPosition": null,
      "clinicalPositionStr": null,
      "workProfessional": "305",
      "workProfessionalStr": "主任医师",
      "mobile": "18563191977",
      "officePhone": null,
      "email": null,
      "status": "A",
      "statusStr": "激活",
      "expires": "2029-12-31",
      "deleteTime": null,
      "creator": "ROOT",
      "createTime": "2022-11-25 17:04:02",
      "modifier": "0010",
      "modifyTime": "2023-07-24 14:21:39",
      "pyCode": "ZHR",
      "wbCode": "XGQ",
      "duty": null,
      "dutyStr": null,
      "idNo": "370620195707041020",
      "superLeader": null,
      "superLeaderStr": null,
      "employed": "1",
      "employedStr": "在职",
      "lockStatus": "0",
      "sexCode": "2",
      "sexCodeStr": "女",
      "birthDate": "1957-07-04",
      "drugInsuranceCode": "D371072007862",
      "drugInsuranceName": null,
      "medInstId": 1,
      "adminFlag": "0",
      "practiceEliglbility": "1",
      "practiceEliglbilityStr": "执业医师",
      "eliglbilityCcieCode": "199837110370620570704102",
      "practiceCcieCode": "110371000004579",
      "practiceSort": null,
      "practiceSortStr": null,
      "practiceScope": "8",
      "practiceScopeStr": "内科专业",
      "isRegularTraining": "0",
      "isRegularTrainingStr": "否",
      "assignedPatientsCount": null,
      "physicalAreaCode": null,
      "physicalAreaName": null,
      "isTempCloseCa": null,
      "isIntern": "0",
      "isInternStr": "否",
      "administrationPosition": null,
      "administrationPositionStr": null,
      "rotateDept": null,
      "rotateDeptStr": null
    },
    {
      "userId": 1028175,
      "userName": "0012",
      "peopleClass": "1",
      "peopleClassStr": "医院职工",
      "peopleIdentifier": "0012",
      "peopleName": "医务科",
      "workDept": "40080101",
      "workDeptName": "行政及质控（和平路）",
      "medicalTreatmentDept": "40080101",
      "medicalTreatmentDeptName": "行政及质控（和平路）",
      "workPost": null,
      "workPostStr": null,
      "clinicalPosition": null,
      "clinicalPositionStr": null,
      "workProfessional": null,
      "workProfessionalStr": null,
      "mobile": null,
      "officePhone": null,
      "email": null,
      "status": "L",
      "statusStr": "锁定",
      "expires": "2029-12-31",
      "deleteTime": null,
      "creator": "ERROR0524",
      "createTime": "2023-05-24 17:52:55",
      "modifier": null,
      "modifyTime": null,
      "pyCode": null,
      "wbCode": null,
      "duty": null,
      "dutyStr": null,
      "idNo": "未知",
      "superLeader": null,
      "superLeaderStr": null,
      "employed": "1",
      "employedStr": "在职",
      "lockStatus": null,
      "sexCode": "2",
      "sexCodeStr": "女",
      "birthDate": "1970-01-01",
      "drugInsuranceCode": null,
      "drugInsuranceName": null,
      "medInstId": 1,
      "adminFlag": null,
      "practiceEliglbility": null,
      "practiceEliglbilityStr": null,
      "eliglbilityCcieCode": null,
      "practiceCcieCode": null,
      "practiceSort": null,
      "practiceSortStr": null,
      "practiceScope": null,
      "practiceScopeStr": null,
      "isRegularTraining": "0",
      "isRegularTrainingStr": "否",
      "assignedPatientsCount": null,
      "physicalAreaCode": null,
      "physicalAreaName": null,
      "isTempCloseCa": null,
      "isIntern": "0",
      "isInternStr": "否",
      "administrationPosition": null,
      "administrationPositionStr": null,
      "rotateDept": null,
      "rotateDeptStr": null
    },
    {
      "userId": 1021412,
      "userName": "00120",
      "peopleClass": "1",
      "peopleClassStr": "医院职工",
      "peopleIdentifier": "00120",
      "peopleName": "梁超(工程师)",
      "workDept": "1014",
      "workDeptName": "急诊二科",
      "medicalTreatmentDept": "1014",
      "medicalTreatmentDeptName": "急诊二科",
      "workPost": "2",
      "workPostStr": "医师",
      "clinicalPosition": null,
      "clinicalPositionStr": null,
      "workProfessional": "305",
      "workProfessionalStr": "主任医师",
      "mobile": null,
      "officePhone": null,
      "email": null,
      "status": "A",
      "statusStr": "激活",
      "expires": "2052-07-18",
      "deleteTime": null,
      "creator": "ROOT",
      "createTime": "2022-11-16 08:29:55",
      "modifier": "ROOT",
      "modifyTime": "2023-07-17 14:39:54",
      "pyCode": "LCGCS",
      "wbCode": "IFATJ",
      "duty": "231",
      "dutyStr": "主任医师",
      "idNo": null,
      "superLeader": null,
      "superLeaderStr": null,
      "employed": "1",
      "employedStr": "在职",
      "lockStatus": "0",
      "sexCode": "1",
      "sexCodeStr": "男",
      "birthDate": "1971-06-23",
      "drugInsuranceCode": null,
      "drugInsuranceName": null,
      "medInstId": 1,
      "adminFlag": "0",
      "practiceEliglbility": null,
      "practiceEliglbilityStr": null,
      "eliglbilityCcieCode": null,
      "practiceCcieCode": null,
      "practiceSort": null,
      "practiceSortStr": null,
      "practiceScope": null,
      "practiceScopeStr": null,
      "isRegularTraining": "0",
      "isRegularTrainingStr": "否",
      "assignedPatientsCount": null,
      "physicalAreaCode": null,
      "physicalAreaName": null,
      "isTempCloseCa": null,
      "isIntern": "0",
      "isInternStr": "否",
      "administrationPosition": null,
      "administrationPositionStr": null,
      "rotateDept": null,
      "rotateDeptStr": null
    },
    {
      "userId": 581,
      "userName": "0013",
      "peopleClass": "1",
      "peopleClassStr": "医院职工",
      "peopleIdentifier": "0013",
      "peopleName": "曲衍学",
      "workDept": "40140101",
      "workDeptName": "离退休",
      "medicalTreatmentDept": "40140101",
      "medicalTreatmentDeptName": "离退休",
      "workPost": "6",
      "workPostStr": "其他",
      "clinicalPosition": null,
      "clinicalPositionStr": null,
      "workProfessional": "403",
      "workProfessionalStr": "副主任护师",
      "mobile": null,
      "officePhone": null,
      "email": null,
      "status": "A",
      "statusStr": "激活",
      "expires": "2029-12-31",
      "deleteTime": null,
      "creator": "system",
      "createTime": "2022-07-07 21:32:32",
      "modifier": null,
      "modifyTime": null,
      "pyCode": "QYX",
      "wbCode": "MTI",
      "duty": null,
      "dutyStr": null,
      "idNo": "370632195804210047",
      "superLeader": null,
      "superLeaderStr": null,
      "employed": "1",
      "employedStr": "在职",
      "lockStatus": "0",
      "sexCode": "2",
      "sexCodeStr": "女",
      "birthDate": "1958-04-21",
      "drugInsuranceCode": null,
      "drugInsuranceName": null,
      "medInstId": 1,
      "adminFlag": null,
      "practiceEliglbility": "2",
      "practiceEliglbilityStr": "执业护士",
      "eliglbilityCcieCode": null,
      "practiceCcieCode": "200837067910",
      "practiceSort": null,
      "practiceSortStr": null,
      "practiceScope": null,
      "practiceScopeStr": null,
      "isRegularTraining": "0",
      "isRegularTrainingStr": "否",
      "assignedPatientsCount": null,
      "physicalAreaCode": null,
      "physicalAreaName": null,
      "isTempCloseCa": null,
      "isIntern": "0",
      "isInternStr": "否",
      "administrationPosition": null,
      "administrationPositionStr": null,
      "rotateDept": null,
      "rotateDeptStr": null
    },
    {
      "userId": 802,
      "userName": "0014",
      "peopleClass": "1",
      "peopleClassStr": "医院职工",
      "peopleIdentifier": "0014",
      "peopleName": "毛亭婷",
      "workDept": "10370101",
      "workDeptName": "口腔科门诊（和平路）",
      "medicalTreatmentDept": "10370101",
      "medicalTreatmentDeptName": "口腔科门诊（和平路）",
      "workPost": "2",
      "workPostStr": "医师",
      "clinicalPosition": null,
      "clinicalPositionStr": null,
      "workProfessional": "307",
      "workProfessionalStr": "主治医师",
      "mobile": "18660378810",
      "officePhone": null,
      "email": null,
      "status": "A",
      "statusStr": "激活",
      "expires": "2099-12-01",
      "deleteTime": null,
      "creator": "system",
      "createTime": "2022-07-07 21:32:32",
      "modifier": "tb",
      "modifyTime": "2024-01-10 15:22:40",
      "pyCode": "MTT",
      "wbCode": "TYV",
      "duty": "233",
      "dutyStr": "主治医师",
      "idNo": "371002198510051523",
      "superLeader": null,
      "superLeaderStr": null,
      "employed": "1",
      "employedStr": "在职",
      "lockStatus": "0",
      "sexCode": "2",
      "sexCodeStr": "女",
      "birthDate": "1985-10-05",
      "drugInsuranceCode": "D371072007759",
      "drugInsuranceName": null,
      "medInstId": 1,
      "adminFlag": null,
      "practiceEliglbility": "1",
      "practiceEliglbilityStr": "执业医师",
      "eliglbilityCcieCode": "201050120371002198510051523",
      "practiceCcieCode": "120371000000582",
      "practiceSort": "3",
      "practiceSortStr": "临床",
      "practiceScope": "7",
      "practiceScopeStr": "口腔科专业",
      "isRegularTraining": "0",
      "isRegularTrainingStr": "否",
      "assignedPatientsCount": null,
      "physicalAreaCode": null,
      "physicalAreaName": null,
      "isTempCloseCa": null,
      "isIntern": "0",
      "isInternStr": "否",
      "administrationPosition": null,
      "administrationPositionStr": null,
      "rotateDept": null,
      "rotateDeptStr": null
    },
    {
      "userId": 87,
      "userName": "0018",
      "peopleClass": "1",
      "peopleClassStr": "医院职工",
      "peopleIdentifier": "0018",
      "peopleName": "黄冬雪",
      "workDept": "40140101",
      "workDeptName": "离退休",
      "medicalTreatmentDept": "40140101",
      "medicalTreatmentDeptName": "离退休",
      "workPost": "6",
      "workPostStr": "其他",
      "clinicalPosition": null,
      "clinicalPositionStr": null,
      "workProfessional": "902",
      "workProfessionalStr": "会计师",
      "mobile": "13256317299",
      "officePhone": null,
      "email": null,
      "status": "A",
      "statusStr": "激活",
      "expires": "2029-12-31",
      "deleteTime": null,
      "creator": "system",
      "createTime": "2022-07-07 21:32:32",
      "modifier": null,
      "modifyTime": null,
      "pyCode": "HDX",
      "wbCode": "ATF",
      "duty": null,
      "dutyStr": null,
      "idNo": "370620197112180522",
      "superLeader": null,
      "superLeaderStr": null,
      "employed": "1",
      "employedStr": "在职",
      "lockStatus": null,
      "sexCode": "2",
      "sexCodeStr": "女",
      "birthDate": "1971-12-18",
      "drugInsuranceCode": null,
      "drugInsuranceName": null,
      "medInstId": 1,
      "adminFlag": null,
      "practiceEliglbility": null,
      "practiceEliglbilityStr": null,
      "eliglbilityCcieCode": null,
      "practiceCcieCode": null,
      "practiceSort": null,
      "practiceSortStr": null,
      "practiceScope": null,
      "practiceScopeStr": null,
      "isRegularTraining": "0",
      "isRegularTrainingStr": "否",
      "assignedPatientsCount": null,
      "physicalAreaCode": null,
      "physicalAreaName": null,
      "isTempCloseCa": null,
      "isIntern": "0",
      "isInternStr": "否",
      "administrationPosition": null,
      "administrationPositionStr": null,
      "rotateDept": null,
      "rotateDeptStr": null
    },
    {
      "userId": 861,
      "userName": "0019",
      "peopleClass": "1",
      "peopleClassStr": "医院职工",
      "peopleIdentifier": "0019",
      "peopleName": "孙晓伟",
      "workDept": "20010107",
      "workDeptName": "临床药学",
      "medicalTreatmentDept": "20010107",
      "medicalTreatmentDeptName": "临床药学",
      "workPost": "5",
      "workPostStr": "药师",
      "clinicalPosition": null,
      "clinicalPositionStr": null,
      "workProfessional": "602",
      "workProfessionalStr": "主管药师",
      "mobile": "18563144339",
      "officePhone": null,
      "email": null,
      "status": "A",
      "statusStr": "激活",
      "expires": "2029-12-31",
      "deleteTime": null,
      "creator": "system",
      "createTime": "2022-07-07 21:32:32",
      "modifier": "tb",
      "modifyTime": "2024-01-10 15:23:39",
      "pyCode": "SXW",
      "wbCode": "BJW",
      "duty": "243",
      "dutyStr": "主管药师",
      "idNo": "371002198603033025",
      "superLeader": null,
      "superLeaderStr": null,
      "employed": "1",
      "employedStr": "在职",
      "lockStatus": "0",
      "sexCode": "2",
      "sexCodeStr": "女",
      "birthDate": "1986-03-03",
      "drugInsuranceCode": null,
      "drugInsuranceName": null,
      "medInstId": 1,
      "adminFlag": null,
      "practiceEliglbility": null,
      "practiceEliglbilityStr": null,
      "eliglbilityCcieCode": null,
      "practiceCcieCode": null,
      "practiceSort": null,
      "practiceSortStr": null,
      "practiceScope": null,
      "practiceScopeStr": null,
      "isRegularTraining": "0",
      "isRegularTrainingStr": "否",
      "assignedPatientsCount": null,
      "physicalAreaCode": null,
      "physicalAreaName": null,
      "isTempCloseCa": null,
      "isIntern": "0",
      "isInternStr": "否",
      "administrationPosition": null,
      "administrationPositionStr": null,
      "rotateDept": null,
      "rotateDeptStr": null
    },
    {
      "userId": 1622,
      "userName": "0020",
      "peopleClass": "1",
      "peopleClassStr": "医院职工",
      "peopleIdentifier": "0020",
      "peopleName": "张培培",
      "workDept": "40040104",
      "workDeptName": "门诊收费组123",
      "medicalTreatmentDept": "40040104",
      "medicalTreatmentDeptName": "门诊收费组123",
      "workPost": "6",
      "workPostStr": "其他",
      "clinicalPosition": null,
      "clinicalPositionStr": null,
      "workProfessional": null,
      "workProfessionalStr": null,
      "mobile": "13287848629",
      "officePhone": null,
      "email": null,
      "status": "A",
      "statusStr": "激活",
      "expires": "2029-12-31",
      "deleteTime": null,
      "creator": "system",
      "createTime": "2022-07-07 21:32:32",
      "modifier": "0020",
      "modifyTime": "2023-07-19 17:05:05",
      "pyCode": "ZPP",
      "wbCode": "XFF",
      "duty": null,
      "dutyStr": null,
      "idNo": "371082198701110321",
      "superLeader": null,
      "superLeaderStr": null,
      "employed": "1",
      "employedStr": "在职",
      "lockStatus": "0",
      "sexCode": "2",
      "sexCodeStr": "女",
      "birthDate": "1987-01-11",
      "drugInsuranceCode": null,
      "drugInsuranceName": null,
      "medInstId": 1,
      "adminFlag": null,
      "practiceEliglbility": null,
      "practiceEliglbilityStr": null,
      "eliglbilityCcieCode": null,
      "practiceCcieCode": null,
      "practiceSort": null,
      "practiceSortStr": null,
      "practiceScope": null,
      "practiceScopeStr": null,
      "isRegularTraining": "0",
      "isRegularTrainingStr": "否",
      "assignedPatientsCount": null,
      "physicalAreaCode": null,
      "physicalAreaName": null,
      "isTempCloseCa": null,
      "isIntern": "0",
      "isInternStr": "否",
      "administrationPosition": null,
      "administrationPositionStr": null,
      "rotateDept": null,
      "rotateDeptStr": null
    },
    {
      "userId": 1752,
      "userName": "0021",
      "peopleClass": "1",
      "peopleClassStr": "医院职工",
      "peopleIdentifier": "0021",
      "peopleName": "谭晓洁",
      "workDept": "40290101",
      "workDeptName": "安全生产管理办公室(保卫科)",
      "medicalTreatmentDept": "40290101",
      "medicalTreatmentDeptName": "安全生产管理办公室(保卫科)",
      "workPost": "6",
      "workPostStr": "其他",
      "clinicalPosition": null,
      "clinicalPositionStr": null,
      "workProfessional": null,
      "workProfessionalStr": null,
      "mobile": "17562602997",
      "officePhone": null,
      "email": null,
      "status": "A",
      "statusStr": "激活",
      "expires": "2029-12-31",
      "deleteTime": null,
      "creator": "system",
      "createTime": "2022-07-07 21:32:32",
      "modifier": null,
      "modifyTime": null,
      "pyCode": "TXJ",
      "wbCode": "YJI",
      "duty": null,
      "dutyStr": null,
      "idNo": "37108119900819502X",
      "superLeader": null,
      "superLeaderStr": null,
      "employed": "1",
      "employedStr": "在职",
      "lockStatus": null,
      "sexCode": "2",
      "sexCodeStr": "女",
      "birthDate": "1990-08-18",
      "drugInsuranceCode": null,
      "drugInsuranceName": null,
      "medInstId": 1,
      "adminFlag": null,
      "practiceEliglbility": null,
      "practiceEliglbilityStr": null,
      "eliglbilityCcieCode": null,
      "practiceCcieCode": null,
      "practiceSort": null,
      "practiceSortStr": null,
      "practiceScope": null,
      "practiceScopeStr": null,
      "isRegularTraining": "0",
      "isRegularTrainingStr": "否",
      "assignedPatientsCount": null,
      "physicalAreaCode": null,
      "physicalAreaName": null,
      "isTempCloseCa": null,
      "isIntern": "0",
      "isInternStr": "否",
      "administrationPosition": null,
      "administrationPositionStr": null,
      "rotateDept": null,
      "rotateDeptStr": null
    },
    {
      "userId": 1753,
      "userName": "0022",
      "peopleClass": "1",
      "peopleClassStr": "医院职工",
      "peopleIdentifier": "0022",
      "peopleName": "都红运",
      "workDept": "40040104",
      "workDeptName": "门诊收费组123",
      "medicalTreatmentDept": "40040104",
      "medicalTreatmentDeptName": "门诊收费组123",
      "workPost": "6",
      "workPostStr": "其他",
      "clinicalPosition": null,
      "clinicalPositionStr": null,
      "workProfessional": null,
      "workProfessionalStr": null,
      "mobile": "18660377656",
      "officePhone": null,
      "email": null,
      "status": "A",
      "statusStr": "激活",
      "expires": "2029-12-31",
      "deleteTime": null,
      "creator": "system",
      "createTime": "2022-07-07 21:32:32",
      "modifier": "0022",
      "modifyTime": "2023-07-19 14:41:44",
      "pyCode": "DHY",
      "wbCode": "FXF",
      "duty": null,
      "dutyStr": null,
      "idNo": "370612198901068028",
      "superLeader": null,
      "superLeaderStr": null,
      "employed": "1",
      "employedStr": "在职",
      "lockStatus": "0",
      "sexCode": "2",
      "sexCodeStr": "女",
      "birthDate": "1989-01-06",
      "drugInsuranceCode": null,
      "drugInsuranceName": null,
      "medInstId": 1,
      "adminFlag": null,
      "practiceEliglbility": null,
      "practiceEliglbilityStr": null,
      "eliglbilityCcieCode": null,
      "practiceCcieCode": null,
      "practiceSort": null,
      "practiceSortStr": null,
      "practiceScope": null,
      "practiceScopeStr": null,
      "isRegularTraining": "0",
      "isRegularTrainingStr": "否",
      "assignedPatientsCount": null,
      "physicalAreaCode": null,
      "physicalAreaName": null,
      "isTempCloseCa": null,
      "isIntern": "0",
      "isInternStr": "否",
      "administrationPosition": null,
      "administrationPositionStr": null,
      "rotateDept": null,
      "rotateDeptStr": null
    },
    {
      "userId": 1406,
      "userName": "0023",
      "peopleClass": "1",
      "peopleClassStr": "医院职工",
      "peopleIdentifier": "0023",
      "peopleName": "刘晓丹",
      "workDept": "40040401",
      "workDeptName": "门诊收费组（临港）",
      "medicalTreatmentDept": "40040401",
      "medicalTreatmentDeptName": "门诊收费组（临港）",
      "workPost": "6",
      "workPostStr": "其他",
      "clinicalPosition": null,
      "clinicalPositionStr": null,
      "workProfessional": null,
      "workProfessionalStr": null,
      "mobile": "13963160234",
      "officePhone": null,
      "email": null,
      "status": "A",
      "statusStr": "激活",
      "expires": "2029-12-31",
      "deleteTime": null,
      "creator": "system",
      "createTime": "2022-07-07 21:32:32",
      "modifier": "0023",
      "modifyTime": "2023-07-25 14:08:17",
      "pyCode": "LXD",
      "wbCode": "YJM",
      "duty": null,
      "dutyStr": null,
      "idNo": "371082199011032527",
      "superLeader": null,
      "superLeaderStr": null,
      "employed": "1",
      "employedStr": "在职",
      "lockStatus": "0",
      "sexCode": "2",
      "sexCodeStr": "女",
      "birthDate": "1990-11-03",
      "drugInsuranceCode": null,
      "drugInsuranceName": null,
      "medInstId": 1,
      "adminFlag": "1",
      "practiceEliglbility": null,
      "practiceEliglbilityStr": null,
      "eliglbilityCcieCode": null,
      "practiceCcieCode": null,
      "practiceSort": null,
      "practiceSortStr": null,
      "practiceScope": null,
      "practiceScopeStr": null,
      "isRegularTraining": "0",
      "isRegularTrainingStr": "否",
      "assignedPatientsCount": null,
      "physicalAreaCode": null,
      "physicalAreaName": null,
      "isTempCloseCa": null,
      "isIntern": "0",
      "isInternStr": "否",
      "administrationPosition": null,
      "administrationPositionStr": null,
      "rotateDept": null,
      "rotateDeptStr": null
    },
    {
      "userId": 326,
      "userName": "0024",
      "peopleClass": "1",
      "peopleClassStr": "医院职工",
      "peopleIdentifier": "0024",
      "peopleName": "陈述芹",
      "workDept": "40140101",
      "workDeptName": "离退休",
      "medicalTreatmentDept": "40140101",
      "medicalTreatmentDeptName": "离退休",
      "workPost": "6",
      "workPostStr": "其他",
      "clinicalPosition": null,
      "clinicalPositionStr": null,
      "workProfessional": "903",
      "workProfessionalStr": "助理会计师",
      "mobile": null,
      "officePhone": null,
      "email": null,
      "status": "A",
      "statusStr": "激活",
      "expires": "2029-12-31",
      "deleteTime": null,
      "creator": "system",
      "createTime": "2022-07-07 21:32:32",
      "modifier": null,
      "modifyTime": null,
      "pyCode": "CSQ",
      "wbCode": "BSA",
      "duty": null,
      "dutyStr": null,
      "idNo": "370620196806014540",
      "superLeader": null,
      "superLeaderStr": null,
      "employed": "1",
      "employedStr": "在职",
      "lockStatus": null,
      "sexCode": "2",
      "sexCodeStr": "女",
      "birthDate": "1968-06-01",
      "drugInsuranceCode": null,
      "drugInsuranceName": null,
      "medInstId": 1,
      "adminFlag": null,
      "practiceEliglbility": null,
      "practiceEliglbilityStr": null,
      "eliglbilityCcieCode": null,
      "practiceCcieCode": null,
      "practiceSort": null,
      "practiceSortStr": null,
      "practiceScope": null,
      "practiceScopeStr": null,
      "isRegularTraining": "0",
      "isRegularTrainingStr": "否",
      "assignedPatientsCount": null,
      "physicalAreaCode": null,
      "physicalAreaName": null,
      "isTempCloseCa": null,
      "isIntern": "0",
      "isInternStr": "否",
      "administrationPosition": null,
      "administrationPositionStr": null,
      "rotateDept": null,
      "rotateDeptStr": null
    }
  ],
  "total": 4901,
  "size": 20,
  "current": 1,
  "orders": [],
  "optimizeCountSql": true,
  "searchCount": true,
  "countId": null,
  "maxLimit": null,
  "pages": 246
}