{
  require(login.common),
  "method": "modify",
  "ModifyParams": {
    "DN": "ou={{.ou}},{{.ldap_config.ldap_groups}},{{.ldap_config.ldap_base_dn}}",
    "Changes": [
      {
        "Desc": "AddAttribute       = 0\n\tDeleteAttribute    = 1\n\tReplaceAttribute   = 2\n\tIncrementAttribute = 3",
        "Operation": 1,
        "Modification": {
          "TYPE": "uniqueMember",
          "Vals": [
            "cn={{.remove_username}},{{.ldap_config.ldap_users}},{{.ldap_config.ldap_base_dn}}"
          ]
        }
      }

    ]
  }
}