{
  "color": ["rgb(33, 147, 176)", "#CF7EE6", "#ffaa64"],
  "legend": {
    "icon": "circle",
    "bottom": "0.5%",
    "itemWidth": 14,
    "itemHeight": 14,
    "itemGap": 21,
    "textStyle": {
      "fontSize": 16,
      "color": "#00c2ff"
    }
  },
  "tooltip": {
    "show": true
  },
  "radar": {
    "center": ["50%", "50%"],
    "radius": ["1%", "75%"],
    "startAngle": 90,
    "shape": "polygon",
    "axisName": {
      "color": "#fff",
      "fontSize": 16
    },
    "indicator": [{
      "name": "听力理解",
      "max": 100
    }, {
      "name": "词汇与语法",
      "max": 100
    }, {
      "name": "口语表达",
      "max": 100
    }, {
      "name": "阅读理解",
      "max": 100
    }, {
      "name": "应用文写作",
      "max": 100
    }],
    "splitArea": {
      "show": false
    },
    "axisLine": {
      "show": true,
      "lineStyle": {
        "color": "#153269"
      }
    },
    "axisLabel": {
      "show": false
    },
    "splitLine": {
      "show": true,
      "lineStyle": {
        "type": "solid",
        "color": "#113865",
        "width": 1
      }
    }
  },
  "series": [{
    "type": "radar",
    "data": [{
      "name": "平均分",
      "value": [91, 66, 68, 68, 83],
      "symbolSize": 8,
      "symbol": "circle",
      "lineStyle": {
        "width": 2
      },
      "label": {
        "normal": {
          "show": true,
          "position": "top",
          "distance": 2,
          "color": "#20DFE2",
          "fontSize": 14
        }
      },
      "itemStyle": {
        "normal": {
          "borderColor": "#00c2ff",
          "borderWidth": 2.5
        }
      },
      "areaStyle": {
        "color": {
          "type": "linear",
          "x": 0,
          "y": 0,
          "x2": 1,
          "y2": 1,
          "colorStops": [{
            "offset": 0,
            "color": "rgb(33, 147, 176)"
          }, {
            "offset": 0.5,
            "color": "rgba(0,0,0,0)"
          }, {
            "offset": 1,
            "color": "rgb(33, 147, 176)"
          }],
          "global": false
        },
        "opacity": 1
      }
    }, {
      "value": [60, 60, 60, 60, 60, 60],
      "name": "及格分",
      "symbolSize": 8,
      "symbol": "circle",
      "lineStyle": {
        "width": 2
      },
      "label": {
        "normal": {
          "show": true,
          "position": "top",
          "distance": 2,
          "color": "#20DFE2",
          "fontSize": 14
        }
      },
      "itemStyle": {
        "normal": {
          "borderColor": "#00c2ff",
          "borderWidth": 2.5
        }
      },
      "areaStyle": {
        "color": {
          "type": "linear",
          "x": 0,
          "y": 0,
          "x2": 1,
          "y2": 1,
          "colorStops": [{
            "offset": 0,
            "color": "#CF7EE6"
          }, {
            "offset": 0.5,
            "color": "rgba(0,0,0,0)"
          }, {
            "offset": 1,
            "color": "#CF7EE6"
          }],
          "global": false
        },
        "opacity": 1
      }
    }, {
      "value": [100, 100, 100, 100, 100, 100],
      "name": "总分",
      "symbolSize": 8,
      "symbol": "circle",
      "lineStyle": {
        "width": 2
      },
      "label": {
        "normal": {
          "show": true,
          "position": "top",
          "distance": 2,
          "color": "#20DFE2",
          "fontSize": 14
        }
      },
      "itemStyle": {
        "normal": {
          "borderColor": "#00c2ff",
          "borderWidth": 2.5
        }
      },
      "areaStyle": {
        "color": {
          "type": "linear",
          "x": 0,
          "y": 0,
          "x2": 1,
          "y2": 1,
          "colorStops": [{
            "offset": 0,
            "color": "#ffaa64"
          }, {
            "offset": 0.5,
            "color": "rgba(0,0,0,0)"
          }, {
            "offset": 1,
            "color": "#ffaa64"
          }],
          "global": false
        },
        "opacity": 1
      }
    }]
  }]
}