{
  "title": {
    "show": false
  },
  "legend": {
    "show": true,
    "icon": "circle",
    "top": "3%",
    "left": "50%",
    "data": [
      "汽车介绍能力",
      "语言综合能力",
      "讲好故事能力"
    ],
    "width": 50,
    "padding": [
      0,
      13
    ],
    "itemGap": 16,
    "textStyle": {
      "rich": {
        "title": {
          "fontSize": 14,
          "lineHeight": 16,
          "color": "rgb(0, 178, 246)"
        },
        "value": {
          "fontSize": 14,
          "lineHeight": 20,
          "color": "#fff"
        }
      }
    }
  },
  "tooltip": {
    "show": false,
    "trigger": "item",
    "formatter": "{a}<br>{b}:{c}({d}%)"
  },
  "color": [
    "rgb(9,187,247)",
    "rgb(184,254,165)",
    "rgb(253,218,23)",
    "rgb(252,152,12)"
  ],
  "xAxis": [
    {
      "show": false
    }
  ],
  "series": [
    {
      "name": "",
      "type": "pie",
      "clockWise": false,
      "hoverAnimation": false,
      "radius": [
        "93%",
        "88%"
      ],
      "center": [
        "50%",
        "50%"
      ],
      "label": {
        "show": false
      },
      "itemStyle": {
        "label": {
          "show": false
        },
        "labelLine": {
          "show": false
        },
        "borderWidth": 5
      },
      "data": [
        {
          "value": "46.2",
          "name": "汽车介绍能力"
        },
        {
          "value": 69.89999999999999,
          "name": "",
          "itemStyle": {
            "color": "rgba(0,0,0,0)",
            "borderWidth": 0
          },
          "tooltip": {
            "show": false
          },
          "hoverAnimation": false
        }
      ]
    },
    {
      "name": "",
      "type": "pie",
      "silent": true,
      "z": 1,
      "clockWise": false,
      "hoverAnimation": false,
      "radius": [
        "93%",
        "88%"
      ],
      "center": [
        "50%",
        "50%"
      ],
      "label": {
        "show": false
      },
      "itemStyle": {
        "label": {
          "show": false
        },
        "labelLine": {
          "show": false
        },
        "borderWidth": 5
      },
      "data": [
        {
          "value": 7.5,
          "itemStyle": {
            "color": "rgb(3, 31, 62)",
            "borderWidth": 0
          },
          "tooltip": {
            "show": false
          },
          "hoverAnimation": false
        },
        {
          "value": 2.5,
          "name": "",
          "itemStyle": {
            "color": "rgba(0,0,0,0)",
            "borderWidth": 0
          },
          "tooltip": {
            "show": false
          },
          "hoverAnimation": false
        }
      ]
    },
    {
      "name": "",
      "type": "pie",
      "clockWise": false,
      "hoverAnimation": false,
      "radius": [
        "68%",
        "63%"
      ],
      "center": [
        "50%",
        "50%"
      ],
      "label": {
        "show": false
      },
      "itemStyle": {
        "label": {
          "show": false
        },
        "labelLine": {
          "show": false
        },
        "borderWidth": 5
      },
      "data": [
        {
          "value": "31.4",
          "name": "语言综合能力"
        },
        {
          "value": 84.69999999999999,
          "name": "",
          "itemStyle": {
            "color": "rgba(0,0,0,0)",
            "borderWidth": 0
          },
          "tooltip": {
            "show": false
          },
          "hoverAnimation": false
        }
      ]
    },
    {
      "name": "",
      "type": "pie",
      "silent": true,
      "z": 1,
      "clockWise": false,
      "hoverAnimation": false,
      "radius": [
        "68%",
        "63%"
      ],
      "center": [
        "50%",
        "50%"
      ],
      "label": {
        "show": false
      },
      "itemStyle": {
        "label": {
          "show": false
        },
        "labelLine": {
          "show": false
        },
        "borderWidth": 5
      },
      "data": [
        {
          "value": 7.5,
          "itemStyle": {
            "color": "rgb(3, 31, 62)",
            "borderWidth": 0
          },
          "tooltip": {
            "show": false
          },
          "hoverAnimation": false
        },
        {
          "value": 2.5,
          "name": "",
          "itemStyle": {
            "color": "rgba(0,0,0,0)",
            "borderWidth": 0
          },
          "tooltip": {
            "show": false
          },
          "hoverAnimation": false
        }
      ]
    },
    {
      "name": "",
      "type": "pie",
      "clockWise": false,
      "hoverAnimation": false,
      "radius": [
        "43%",
        "38%"
      ],
      "center": [
        "50%",
        "50%"
      ],
      "label": {
        "show": false
      },
      "itemStyle": {
        "label": {
          "show": false
        },
        "labelLine": {
          "show": false
        },
        "borderWidth": 5
      },
      "data": [
        {
          "value": "38.5",
          "name": "讲好故事能力"
        },
        {
          "value": 77.6,
          "name": "",
          "itemStyle": {
            "color": "rgba(0,0,0,0)",
            "borderWidth": 0
          },
          "tooltip": {
            "show": false
          },
          "hoverAnimation": false
        }
      ]
    },
    {
      "name": "",
      "type": "pie",
      "silent": true,
      "z": 1,
      "clockWise": false,
      "hoverAnimation": false,
      "radius": [
        "43%",
        "38%"
      ],
      "center": [
        "50%",
        "50%"
      ],
      "label": {
        "show": false
      },
      "itemStyle": {
        "label": {
          "show": false
        },
        "labelLine": {
          "show": false
        },
        "borderWidth": 5
      },
      "data": [
        {
          "value": 7.5,
          "itemStyle": {
            "color": "rgb(3, 31, 62)",
            "borderWidth": 0
          },
          "tooltip": {
            "show": false
          },
          "hoverAnimation": false
        },
        {
          "value": 2.5,
          "name": "",
          "itemStyle": {
            "color": "rgba(0,0,0,0)",
            "borderWidth": 0
          },
          "tooltip": {
            "show": false
          },
          "hoverAnimation": false
        }
      ]
    }
  ]
}