[
  {
    "id": "03",
    "tname": "周施旋",
    "sex": "女",
    "stno": "L430112200511040002"
  },
  {
    "id": "19",
    "tname": "谭剑飞",
    "sex": "男",
    "stno": "L430112200603020001"
  },
  {
    "id": "18",
    "tname": "彭成霖",
    "sex": "男",
    "stno": "L430112200608100001"
  },
  {
    "id": "22",
    "tname": "李杨",
    "sex": "男",
    "stno": "L430112200606210005"
  },
  {
    "id": "01",
    "tname": "任家乐",
    "sex": "男",
    "stno": "L430112200603170001"
  },
  {
    "id": "02",
    "tname": "张文曙",
    "sex": "男",
    "stno": "L430112200602060003"
  },
  {
    "id": "23",
    "tname": "林敏",
    "sex": "女",
    "stno": "L430112200606140006"
  },
  {
    "id": "04",
    "tname": "陈梓豪",
    "sex": "男",
    "stno": "L430112200511220003"
  },
  {
    "id": "05",
    "tname": "刘思阳",
    "sex": "男",
    "stno": "L430112200604290001"
  },
  {
    "id": "06",
    "tname": "周皓",
    "sex": "男",
    "stno": "L430112200612020001"
  },
  {
    "id": "08",
    "tname": "王同地",
    "sex": "女",
    "stno": "L430112200509050002"
  },
  {
    "id": "09",
    "tname": "朱雯萱",
    "sex": "女",
    "stno": "L430112200603160004"
  },
  {
    "id": "10",
    "tname": "王静怡",
    "sex": "女",
    "stno": "L430112200611150004"
  },
  {
    "id": "11",
    "tname": "吴凯",
    "sex": "男",
    "stno": "L430112200610240001"
  },
  {
    "id": "12",
    "tname": "欧阳玲玉",
    "sex": "女",
    "stno": "L430112200601060002"
  },
  {
    "id": "13",
    "tname": "莫鑫宇",
    "sex": "男",
    "stno": "L430112200510250003"
  },
  {
    "id": "14",
    "tname": "周定",
    "sex": "男",
    "stno": "L430112200612060001"
  },
  {
    "id": "15",
    "tname": "陈瑜婷",
    "sex": "男",
    "stno": "L430112200606020005"
  },
  {
    "id": "16",
    "tname": "周士杰",
    "sex": "男",
    "stno": "L430112200505020001"
  },
  {
    "id": "17",
    "tname": "熊鑫卓",
    "sex": "男",
    "stno": "L430112200606050001"
  },
  {
    "id": "07",
    "tname": "刘子明",
    "sex": "男",
    "stno": "L430112200611270001"
  },
  {
    "id": "20",
    "tname": "王浩",
    "sex": "男",
    "stno": "L430112200602260001"
  },
  {
    "id": "21",
    "tname": "盛繁莹",
    "sex": "女",
    "stno": "L430112200511110002"
  },
  {
    "id": "24",
    "tname": "谷佳乐",
    "sex": "女",
    "stno": "L430112200610300004"
  },
  {
    "id": "25",
    "tname": "李云映",
    "sex": "女",
    "stno": "L430112200602220002"
  },
  {
    "id": "26",
    "tname": "邓慧婷",
    "sex": "女",
    "stno": "L430112200602210002"
  }
]