{
  "grid": {
    "top": "5%",
    "bottom": "5%",
    "left": "5%",
    "containLabel": false
  },
  "tooltip": {
    "show": false
  },
  "xAxis": [
    {
      "show": false
    }
  ],
  "yAxis": [
    {
      "type": "category",
      "inverse": true,
      "axisLine": {
        "show": false
      },
      "axisTick": {
        "show": false
      },
      "axisLabel": {
        "inside": true,
        "textStyle": {
          "color": "#fff",
          "fontSize": 14
        },
        "show": true
      },
      "data": [
        "76%",
        "64%"
      ]
    }
  ],
  "legend": {
    "show": true,
    "top": "middle",
    "itemWidth": 8,
    "itemHeight": 8,
    "itemGap": 10,
    "textStyle": {
      "fontSize": 16,
      "color": "#fff",
      "padding": [
        0,
        0,
        0,
        8
      ]
    }
  },
  "series": [
    {
      "type": "pie",
      "clockWise": false,
      "hoverAnimation": false,
      "radius": [
        "70%",
        "65%"
      ],
      "center": [
        "50%",
        "50%"
      ],
      "label": {
        "show": false
      },
      "itemStyle": {
        "label": {
          "show": false
        },
        "labelLine": {
          "show": false
        },
        "borderWidth": 5
      },
      "data": [
        {
          "value": 76,
          "name": "学习后",
          "itemStyle": {
            "color": "rgba(78, 167, 249, 1)"
          }
        },
        {
          "value": 24,
          "name": "",
          "itemStyle": {
            "color": "transparent"
          },
          "tooltip": {
            "show": false
          },
          "hoverAnimation": false
        }
      ]
    },
    {
      "name": "",
      "type": "pie",
      "silent": true,
      "z": 0,
      "clockWise": false,
      "hoverAnimation": false,
      "radius": [
        "70%",
        "65%"
      ],
      "center": [
        "50%",
        "50%"
      ],
      "label": {
        "show": false
      },
      "itemStyle": {
        "label": {
          "show": false
        },
        "labelLine": {
          "show": false
        }
      },
      "data": [
        {
          "value": 1,
          "itemStyle": {
            "color": "transparent"
          },
          "tooltip": {
            "show": false
          },
          "hoverAnimation": false
        }
      ]
    },
    {
      "type": "pie",
      "clockWise": false,
      "hoverAnimation": false,
      "radius": [
        "60%",
        "55%"
      ],
      "center": [
        "50%",
        "50%"
      ],
      "label": {
        "show": false
      },
      "itemStyle": {
        "label": {
          "show": false
        },
        "labelLine": {
          "show": false
        },
        "borderWidth": 5
      },
      "data": [
        {
          "value": 64,
          "name": "学习前",
          "itemStyle": {
            "color": "rgba(0, 255, 255, 1)"
          }
        },
        {
          "value": 36,
          "name": "",
          "itemStyle": {
            "color": "transparent"
          },
          "tooltip": {
            "show": false
          },
          "hoverAnimation": false
        }
      ]
    },
    {
      "name": "",
      "type": "pie",
      "silent": true,
      "z": 0,
      "clockWise": false,
      "hoverAnimation": false,
      "radius": [
        "60%",
        "55%"
      ],
      "center": [
        "50%",
        "50%"
      ],
      "label": {
        "show": false
      },
      "itemStyle": {
        "label": {
          "show": false
        },
        "labelLine": {
          "show": false
        }
      },
      "data": [
        {
          "value": 1,
          "itemStyle": {
            "color": "transparent"
          },
          "tooltip": {
            "show": false
          },
          "hoverAnimation": false
        }
      ]
    }
  ]
}