[
  {
    "service": "config.doc_query",
    "collect_doc_id": "{{.collect_doc_id}}",
    "target_field": "doc",
    "to_obj":true
  },
  {
    "service": "config.import_list_query",
    "collect_doc_id": "{{.collect_doc_id}}",
    "target_field": "important_list"
  },
  {
    "service": "config.params_query",
    "collect_doc_id": "{{.collect_doc_id}}",
    "target_field": "params"
  },
  {
    "service": "config.demo_query",
    "collect_doc_id": "{{.collect_doc_id}}",
    "target_field": "demo"
  },
  {
    "service": "config.result_query",
    "collect_doc_id": "{{.collect_doc_id}}",
    "target_field": "result"
  }
]
